score,lg_sf_pred,lg_sf_heur,lg_sf_real
# threads = 40
# n = 40
# lgT = 48
# fft = 16
# satrat = 0.9
# radius = 1.1547005383792515
# q = 3329
# doubledb = False
# exptime = False
# v = False
# N = 142
# walltime = 88299.24
# cputime = 4.698
# saturation radius = 1.1547005383792515
0.000,-0.831,-1.000,-0.939
1.000,-0.957,-1.143,-1.076
2.000,-1.096,-1.300,-1.227
3.000,-1.248,-1.470,-1.390
4.000,-1.413,-1.655,-1.568
5.000,-1.593,-1.855,-1.759
6.000,-1.788,-2.070,-1.965
7.000,-1.998,-2.300,-2.186
8.000,-2.222,-2.546,-2.423
9.000,-2.463,-2.809,-2.674
10.000,-2.720,-3.087,-2.942
11.000,-2.992,-3.383,-3.225
12.000,-3.282,-3.695,-3.524
13.000,-3.588,-4.025,-3.839
14.000,-3.911,-4.372,-4.171
15.000,-4.252,-4.736,-4.520
16.000,-4.610,-5.118,-4.885
17.000,-4.985,-5.518,-5.267
18.000,-5.378,-5.936,-5.665
19.000,-5.789,-6.372,-6.081
20.000,-6.218,-6.827,-6.514
21.000,-6.666,-7.300,-6.964
22.000,-7.131,-7.791,-7.431
23.000,-7.615,-8.301,-7.915
24.000,-8.118,-8.830,-8.417
25.000,-8.639,-9.377,-8.936
26.000,-9.178,-9.943,-9.473
27.000,-9.737,-10.529,-10.026
28.000,-10.314,-11.133,-10.598
29.000,-10.910,-11.756,-11.186
30.000,-11.525,-12.399,-11.792
31.000,-12.159,-13.060,-12.416
32.000,-12.812,-13.741,-13.057
33.000,-13.484,-14.442,-13.715
34.000,-14.175,-15.161,-14.390
35.000,-14.885,-15.900,-15.082
36.000,-15.615,-16.658,-15.792
37.000,-16.363,-17.436,-16.518
38.000,-17.131,-18.233,-17.261
39.000,-17.919,-19.050,-18.021
40.000,-18.725,-19.887,-18.797
41.000,-19.551,-20.743,-19.589
42.000,-20.396,-21.618,-20.396
43.000,-21.260,-22.514,-21.218
44.000,-22.144,-23.428,-22.055
45.000,-23.046,-24.363,-22.905
46.000,-23.968,-25.318,-23.769
47.000,-24.909,-26.292,-24.645
48.000,-25.868,-27.286,-25.530
49.000,-26.847,-28.299,-26.426
50.000,-27.843,-29.333,-27.329
51.000,-28.858,-30.386,-28.236
52.000,-29.890,-31.459,-29.149
53.000,-30.938,-32.552,-30.061
54.000,-32.002,-33.665,-30.968
55.000,-33.080,-34.798,-31.871
56.000,-34.169,-35.950,-32.755
57.000,-35.266,-37.123,-33.642
58.000,-36.366,-38.315,-34.531
59.000,-37.462,-39.528,-35.358
60.000,-38.546,-40.760,-36.184
60.501,-39.080,-41.385,-37.042
60.501,-39.081,-41.386,-37.043
60.501,-39.081,-41.386,-37.044
60.504,-39.083,-41.389,-37.044
60.505,-39.085,-41.391,-37.045
60.507,-39.087,-41.393,-37.046
60.507,-39.087,-41.393,-37.047
60.509,-39.089,-41.395,-37.047
60.510,-39.090,-41.396,-37.048
60.511,-39.091,-41.397,-37.049
60.515,-39.095,-41.402,-37.049
60.515,-39.095,-41.403,-37.050
60.515,-39.096,-41.403,-37.051
60.516,-39.096,-41.404,-37.052
60.518,-39.099,-41.407,-37.052
60.519,-39.100,-41.408,-37.053
60.520,-39.100,-41.409,-37.054
60.522,-39.103,-41.412,-37.055
60.522,-39.103,-41.412,-37.055
60.523,-39.104,-41.413,-37.056
60.523,-39.104,-41.413,-37.057
60.524,-39.105,-41.414,-37.057
60.525,-39.105,-41.415,-37.058
60.526,-39.107,-41.417,-37.059
60.527,-39.108,-41.417,-37.060
60.528,-39.109,-41.419,-37.060
60.528,-39.109,-41.419,-37.061
60.528,-39.109,-41.419,-37.062
60.528,-39.109,-41.419,-37.063
60.528,-39.109,-41.420,-37.063
60.529,-39.110,-41.421,-37.064
60.530,-39.111,-41.422,-37.065
60.530,-39.111,-41.422,-37.066
60.530,-39.112,-41.422,-37.066
60.532,-39.113,-41.424,-37.067
60.533,-39.114,-41.425,-37.068
60.534,-39.115,-41.426,-37.069
60.534,-39.116,-41.427,-37.069
60.534,-39.116,-41.427,-37.070
60.538,-39.119,-41.431,-37.071
60.540,-39.121,-41.434,-37.071
60.541,-39.123,-41.435,-37.072
60.542,-39.124,-41.437,-37.073
60.543,-39.125,-41.438,-37.074
60.543,-39.125,-41.438,-37.074
60.544,-39.126,-41.439,-37.075
60.545,-39.127,-41.440,-37.076
60.547,-39.130,-41.443,-37.077
60.547,-39.130,-41.443,-37.077
60.549,-39.132,-41.446,-37.078
60.551,-39.133,-41.448,-37.079
60.551,-39.133,-41.448,-37.080
60.551,-39.133,-41.448,-37.080
60.551,-39.134,-41.448,-37.081
60.552,-39.135,-41.450,-37.082
60.553,-39.135,-41.450,-37.083
60.553,-39.135,-41.450,-37.083
60.553,-39.135,-41.450,-37.084
60.554,-39.136,-41.451,-37.085
60.554,-39.137,-41.452,-37.086
60.554,-39.137,-41.452,-37.086
60.556,-39.139,-41.455,-37.087
60.556,-39.139,-41.455,-37.088
60.559,-39.142,-41.458,-37.089
60.560,-39.143,-41.459,-37.089
60.561,-39.144,-41.460,-37.090
60.561,-39.144,-41.460,-37.091
60.562,-39.145,-41.462,-37.092
60.563,-39.146,-41.462,-37.092
60.563,-39.146,-41.462,-37.093
60.563,-39.146,-41.463,-37.094
60.564,-39.147,-41.464,-37.095
60.564,-39.147,-41.464,-37.095
60.564,-39.147,-41.465,-37.096
60.565,-39.148,-41.465,-37.097
60.565,-39.148,-41.465,-37.098
60.565,-39.148,-41.466,-37.098
60.567,-39.151,-41.468,-37.099
60.568,-39.152,-41.470,-37.100
60.569,-39.152,-41.470,-37.101
60.570,-39.153,-41.471,-37.101
60.570,-39.153,-41.471,-37.102
60.573,-39.156,-41.475,-37.103
60.573,-39.156,-41.475,-37.104
60.574,-39.158,-41.476,-37.104
60.575,-39.158,-41.478,-37.105
60.577,-39.161,-41.480,-37.106
60.577,-39.161,-41.481,-37.107
60.577,-39.161,-41.481,-37.107
60.578,-39.162,-41.482,-37.108
60.579,-39.164,-41.484,-37.109
60.582,-39.166,-41.486,-37.110
60.583,-39.167,-41.487,-37.110
60.583,-39.167,-41.487,-37.111
60.583,-39.167,-41.488,-37.112
60.585,-39.169,-41.490,-37.113
60.585,-39.169,-41.490,-37.114
60.585,-39.169,-41.491,-37.114
60.587,-39.171,-41.492,-37.115
60.589,-39.174,-41.496,-37.116
60.590,-39.175,-41.497,-37.117
60.591,-39.175,-41.498,-37.117
60.593,-39.178,-41.500,-37.118
60.594,-39.178,-41.501,-37.119
60.595,-39.179,-41.502,-37.120
60.595,-39.180,-41.503,-37.120
60.596,-39.181,-41.504,-37.121
60.598,-39.183,-41.506,-37.122
60.598,-39.183,-41.506,-37.123
60.600,-39.185,-41.509,-37.123
60.600,-39.185,-41.510,-37.124
60.601,-39.187,-41.511,-37.125
60.602,-39.187,-41.512,-37.126
60.603,-39.188,-41.513,-37.127
60.603,-39.189,-41.514,-37.127
60.604,-39.190,-41.514,-37.128
60.605,-39.191,-41.516,-37.129
60.607,-39.193,-41.518,-37.130
60.608,-39.193,-41.519,-37.130
60.609,-39.194,-41.520,-37.131
60.609,-39.195,-41.521,-37.132
60.609,-39.195,-41.521,-37.133
60.609,-39.195,-41.521,-37.133
60.610,-39.195,-41.521,-37.134
60.611,-39.197,-41.523,-37.135
60.611,-39.197,-41.524,-37.136
60.612,-39.198,-41.524,-37.137
60.612,-39.198,-41.525,-37.137
60.614,-39.200,-41.527,-37.138
60.616,-39.202,-41.529,-37.139
60.616,-39.202,-41.529,-37.140
60.617,-39.203,-41.531,-37.140
60.620,-39.206,-41.534,-37.141
60.622,-39.208,-41.537,-37.142
60.622,-39.208,-41.537,-37.143
60.623,-39.209,-41.538,-37.144
60.624,-39.211,-41.540,-37.144
60.624,-39.211,-41.540,-37.145
60.626,-39.213,-41.542,-37.146
60.628,-39.215,-41.544,-37.147
60.629,-39.216,-41.546,-37.147
60.629,-39.216,-41.546,-37.148
60.630,-39.217,-41.547,-37.149
60.630,-39.217,-41.547,-37.150
60.631,-39.218,-41.548,-37.151
60.631,-39.218,-41.548,-37.151
60.632,-39.219,-41.550,-37.152
60.633,-39.220,-41.551,-37.153
60.633,-39.220,-41.551,-37.154
60.634,-39.221,-41.552,-37.155
60.635,-39.223,-41.554,-37.155
60.637,-39.224,-41.556,-37.156
60.638,-39.225,-41.557,-37.157
60.638,-39.225,-41.557,-37.158
60.639,-39.226,-41.558,-37.158
60.639,-39.227,-41.559,-37.159
60.640,-39.228,-41.560,-37.160
60.642,-39.230,-41.562,-37.161
60.643,-39.231,-41.563,-37.162
60.644,-39.232,-41.565,-37.162
60.645,-39.233,-41.566,-37.163
60.645,-39.233,-41.566,-37.164
60.647,-39.235,-41.568,-37.165
60.647,-39.235,-41.569,-37.166
60.649,-39.237,-41.571,-37.166
60.650,-39.238,-41.572,-37.167
60.650,-39.238,-41.572,-37.168
60.651,-39.239,-41.573,-37.169
60.653,-39.241,-41.575,-37.169
60.653,-39.241,-41.576,-37.170
60.654,-39.242,-41.577,-37.171
60.654,-39.242,-41.577,-37.172
60.654,-39.243,-41.578,-37.173
60.658,-39.246,-41.582,-37.173
60.659,-39.248,-41.583,-37.174
60.659,-39.248,-41.584,-37.175
60.661,-39.250,-41.586,-37.176
60.661,-39.250,-41.586,-37.177
60.662,-39.250,-41.587,-37.177
60.662,-39.251,-41.587,-37.178
60.665,-39.254,-41.591,-37.179
60.667,-39.256,-41.593,-37.180
60.667,-39.256,-41.594,-37.181
60.669,-39.258,-41.595,-37.181
60.671,-39.260,-41.599,-37.182
60.678,-39.267,-41.607,-37.183
60.680,-39.269,-41.609,-37.184
60.680,-39.270,-41.610,-37.185
60.680,-39.270,-41.610,-37.185
60.681,-39.270,-41.610,-37.186
60.684,-39.273,-41.614,-37.187
60.684,-39.274,-41.614,-37.188
60.685,-39.275,-41.616,-37.189
60.686,-39.276,-41.618,-37.189
60.687,-39.277,-41.619,-37.190
60.688,-39.278,-41.620,-37.191
60.688,-39.278,-41.620,-37.192
60.688,-39.278,-41.620,-37.193
60.688,-39.279,-41.620,-37.193
60.691,-39.282,-41.624,-37.194
60.692,-39.282,-41.625,-37.195
60.692,-39.283,-41.625,-37.196
60.693,-39.284,-41.626,-37.197
60.695,-39.285,-41.628,-37.197
60.695,-39.285,-41.628,-37.198
60.695,-39.285,-41.628,-37.199
60.696,-39.287,-41.630,-37.200
60.696,-39.287,-41.630,-37.201
60.698,-39.289,-41.633,-37.202
60.702,-39.293,-41.638,-37.202
60.703,-39.294,-41.638,-37.203
60.705,-39.296,-41.642,-37.204
60.706,-39.297,-41.642,-37.205
60.706,-39.297,-41.642,-37.206
60.706,-39.297,-41.642,-37.206
60.709,-39.300,-41.646,-37.207
60.712,-39.303,-41.650,-37.208
60.712,-39.304,-41.650,-37.209
60.713,-39.304,-41.651,-37.210
60.713,-39.304,-41.651,-37.210
60.714,-39.306,-41.652,-37.211
60.715,-39.306,-41.653,-37.212
60.716,-39.307,-41.655,-37.213
60.716,-39.307,-41.655,-37.214
60.717,-39.308,-41.656,-37.215
60.717,-39.309,-41.656,-37.215
60.717,-39.309,-41.657,-37.216
60.719,-39.310,-41.658,-37.217
60.720,-39.312,-41.660,-37.218
60.721,-39.312,-41.661,-37.219
60.722,-39.314,-41.663,-37.219
60.723,-39.315,-41.664,-37.220
60.724,-39.316,-41.665,-37.221
60.724,-39.316,-41.665,-37.222
60.726,-39.318,-41.667,-37.223
60.726,-39.319,-41.668,-37.224
60.730,-39.322,-41.673,-37.224
60.730,-39.323,-41.673,-37.225
60.731,-39.323,-41.674,-37.226
60.733,-39.326,-41.676,-37.227
60.734,-39.327,-41.678,-37.228
60.734,-39.327,-41.678,-37.229
60.735,-39.327,-41.679,-37.229
60.736,-39.329,-41.681,-37.230
60.738,-39.330,-41.682,-37.231
60.738,-39.331,-41.683,-37.232
60.739,-39.332,-41.684,-37.233
60.739,-39.332,-41.684,-37.233
60.740,-39.333,-41.685,-37.234
60.741,-39.334,-41.687,-37.235
60.742,-39.335,-41.687,-37.236
60.742,-39.335,-41.687,-37.237
60.743,-39.336,-41.689,-37.238
60.744,-39.337,-41.690,-37.238
60.745,-39.338,-41.691,-37.239
60.746,-39.339,-41.692,-37.240
60.748,-39.341,-41.695,-37.241
60.748,-39.341,-41.695,-37.242
60.748,-39.341,-41.695,-37.243
60.752,-39.345,-41.700,-37.243
60.752,-39.346,-41.700,-37.244
60.754,-39.347,-41.702,-37.245
60.754,-39.348,-41.703,-37.246
60.755,-39.349,-41.704,-37.247
60.756,-39.349,-41.705,-37.248
60.760,-39.354,-41.710,-37.248
60.761,-39.355,-41.712,-37.249
60.762,-39.356,-41.713,-37.250
60.764,-39.358,-41.715,-37.251
60.767,-39.361,-41.719,-37.252
60.767,-39.361,-41.719,-37.253
60.768,-39.363,-41.721,-37.253
60.769,-39.364,-41.722,-37.254
60.770,-39.364,-41.722,-37.255
60.770,-39.364,-41.723,-37.256
60.771,-39.365,-41.724,-37.257
60.775,-39.370,-41.729,-37.258
60.776,-39.371,-41.730,-37.259
60.776,-39.371,-41.731,-37.259
60.778,-39.373,-41.733,-37.260
60.779,-39.374,-41.734,-37.261
60.779,-39.374,-41.735,-37.262
60.780,-39.375,-41.735,-37.263
60.780,-39.375,-41.735,-37.264
60.780,-39.375,-41.736,-37.264
60.781,-39.376,-41.737,-37.265
60.782,-39.377,-41.738,-37.266
60.782,-39.377,-41.738,-37.267
60.787,-39.382,-41.744,-37.268
60.787,-39.383,-41.745,-37.269
60.788,-39.383,-41.745,-37.270
60.790,-39.385,-41.748,-37.270
60.791,-39.386,-41.749,-37.271
60.791,-39.387,-41.749,-37.272
60.791,-39.387,-41.750,-37.273
60.793,-39.389,-41.752,-37.274
60.794,-39.390,-41.753,-37.275
60.795,-39.391,-41.755,-37.275
60.796,-39.391,-41.755,-37.276
60.798,-39.394,-41.758,-37.277
60.799,-39.395,-41.759,-37.278
60.799,-39.395,-41.759,-37.279
60.800,-39.396,-41.760,-37.280
60.800,-39.396,-41.761,-37.281
60.802,-39.398,-41.763,-37.281
60.803,-39.399,-41.764,-37.282
60.803,-39.399,-41.765,-37.283
60.804,-39.400,-41.766,-37.284
60.804,-39.401,-41.766,-37.285
60.805,-39.401,-41.766,-37.286
60.807,-39.404,-41.770,-37.287
60.812,-39.409,-41.776,-37.287
60.813,-39.410,-41.777,-37.288
60.814,-39.410,-41.778,-37.289
60.815,-39.411,-41.779,-37.290
60.817,-39.414,-41.782,-37.291
60.817,-39.414,-41.782,-37.292
60.819,-39.416,-41.784,-37.293
60.820,-39.417,-41.786,-37.294
60.821,-39.418,-41.787,-37.294
60.821,-39.418,-41.787,-37.295
60.821,-39.418,-41.787,-37.296
60.821,-39.418,-41.787,-37.297
60.821,-39.418,-41.787,-37.298
60.821,-39.418,-41.787,-37.299
60.824,-39.421,-41.790,-37.300
60.824,-39.421,-41.791,-37.300
60.825,-39.422,-41.791,-37.301
60.826,-39.424,-41.794,-37.302
60.827,-39.424,-41.794,-37.303
60.827,-39.424,-41.795,-37.304
60.829,-39.426,-41.797,-37.305
60.830,-39.427,-41.798,-37.306
60.830,-39.427,-41.798,-37.307
60.830,-39.428,-41.799,-37.307
60.830,-39.428,-41.799,-37.308
60.831,-39.428,-41.799,-37.309
60.831,-39.429,-41.800,-37.310
60.832,-39.430,-41.801,-37.311
60.834,-39.432,-41.804,-37.312
60.838,-39.436,-41.809,-37.313
60.840,-39.438,-41.811,-37.313
60.840,-39.438,-41.812,-37.314
60.842,-39.440,-41.814,-37.315
60.843,-39.441,-41.815,-37.316
60.844,-39.442,-41.816,-37.317
60.844,-39.442,-41.816,-37.318
60.845,-39.443,-41.817,-37.319
60.847,-39.445,-41.819,-37.320
60.847,-39.445,-41.819,-37.321
60.849,-39.447,-41.822,-37.321
60.849,-39.447,-41.822,-37.322
60.850,-39.448,-41.823,-37.323
60.850,-39.448,-41.823,-37.324
60.852,-39.450,-41.826,-37.325
60.854,-39.452,-41.828,-37.326
60.856,-39.455,-41.831,-37.327
60.859,-39.458,-41.835,-37.328
60.861,-39.460,-41.837,-37.328
60.861,-39.460,-41.838,-37.329
60.864,-39.463,-41.841,-37.330
60.867,-39.467,-41.845,-37.331
60.868,-39.468,-41.847,-37.332
60.869,-39.468,-41.847,-37.333
60.869,-39.468,-41.847,-37.334
60.871,-39.470,-41.849,-37.335
60.871,-39.471,-41.850,-37.336
60.872,-39.472,-41.852,-37.336
60.873,-39.473,-41.853,-37.337
60.873,-39.473,-41.853,-37.338
60.877,-39.477,-41.858,-37.339
60.877,-39.477,-41.858,-37.340
60.878,-39.478,-41.859,-37.341
60.879,-39.479,-41.860,-37.342
60.881,-39.481,-41.863,-37.343
60.882,-39.482,-41.864,-37.344
60.882,-39.482,-41.864,-37.344
60.884,-39.485,-41.867,-37.345
60.885,-39.485,-41.867,-37.346
60.886,-39.486,-41.868,-37.347
60.887,-39.488,-41.871,-37.348
60.888,-39.488,-41.871,-37.349
60.888,-39.489,-41.872,-37.350
60.889,-39.490,-41.873,-37.351
60.889,-39.490,-41.873,-37.352
60.892,-39.492,-41.876,-37.353
60.892,-39.492,-41.876,-37.353
60.894,-39.494,-41.879,-37.354
60.897,-39.498,-41.883,-37.355
60.898,-39.499,-41.884,-37.356
60.898,-39.499,-41.884,-37.357
60.900,-39.500,-41.886,-37.358
60.900,-39.501,-41.887,-37.359
60.904,-39.505,-41.892,-37.360
60.905,-39.506,-41.893,-37.361
60.908,-39.509,-41.896,-37.362
60.908,-39.509,-41.897,-37.362
60.909,-39.510,-41.898,-37.363
60.911,-39.512,-41.900,-37.364
60.911,-39.512,-41.900,-37.365
60.911,-39.513,-41.901,-37.366
60.913,-39.514,-41.902,-37.367
60.914,-39.515,-41.904,-37.368
60.914,-39.516,-41.904,-37.369
60.917,-39.519,-41.908,-37.370
60.918,-39.519,-41.909,-37.371
60.919,-39.520,-41.910,-37.372
60.920,-39.522,-41.911,-37.372
60.921,-39.522,-41.912,-37.373
60.923,-39.525,-41.915,-37.374
60.923,-39.525,-41.915,-37.375
60.923,-39.525,-41.916,-37.376
60.924,-39.526,-41.916,-37.377
60.924,-39.526,-41.917,-37.378
60.924,-39.526,-41.917,-37.379
60.925,-39.527,-41.919,-37.380
60.927,-39.529,-41.921,-37.381
60.929,-39.531,-41.923,-37.382
60.930,-39.532,-41.924,-37.383
60.931,-39.533,-41.925,-37.383
60.932,-39.534,-41.927,-37.384
60.932,-39.534,-41.927,-37.385
60.932,-39.534,-41.927,-37.386
60.933,-39.535,-41.928,-37.387
60.936,-39.539,-41.932,-37.388
60.938,-39.541,-41.935,-37.389
60.939,-39.541,-41.935,-37.390
60.940,-39.542,-41.937,-37.391
60.940,-39.543,-41.937,-37.392
60.942,-39.545,-41.940,-37.393
60.943,-39.546,-41.941,-37.394
60.945,-39.548,-41.944,-37.395
60.945,-39.548,-41.944,-37.395
60.949,-39.552,-41.949,-37.396
60.953,-39.556,-41.953,-37.397
60.956,-39.559,-41.957,-37.398
60.957,-39.560,-41.958,-37.399
60.957,-39.560,-41.958,-37.400
60.960,-39.564,-41.962,-37.401
60.960,-39.564,-41.963,-37.402
60.961,-39.564,-41.963,-37.403
60.961,-39.565,-41.964,-37.404
60.963,-39.567,-41.966,-37.405
60.966,-39.570,-41.970,-37.406
60.967,-39.571,-41.971,-37.407
60.967,-39.571,-41.971,-37.408
60.967,-39.571,-41.971,-37.408
60.968,-39.572,-41.972,-37.409
60.968,-39.572,-41.972,-37.410
60.968,-39.572,-41.973,-37.411
60.970,-39.574,-41.975,-37.412
60.970,-39.574,-41.975,-37.413
60.971,-39.575,-41.976,-37.414
60.971,-39.575,-41.976,-37.415
60.972,-39.576,-41.977,-37.416
60.974,-39.578,-41.980,-37.417
60.974,-39.578,-41.980,-37.418
60.975,-39.579,-41.981,-37.419
60.976,-39.580,-41.982,-37.420
60.976,-39.580,-41.982,-37.421
60.976,-39.580,-41.982,-37.422
60.979,-39.584,-41.987,-37.423
60.981,-39.585,-41.988,-37.424
60.984,-39.589,-41.993,-37.424
60.985,-39.590,-41.994,-37.425
60.986,-39.590,-41.995,-37.426
60.987,-39.592,-41.996,-37.427
60.990,-39.595,-42.000,-37.428
60.991,-39.595,-42.001,-37.429
60.991,-39.595,-42.001,-37.430
60.991,-39.596,-42.001,-37.431
60.991,-39.596,-42.002,-37.432
60.996,-39.601,-42.007,-37.433
60.997,-39.602,-42.009,-37.434
60.997,-39.602,-42.009,-37.435
61.000,-39.605,-42.012,-37.436
61.001,-39.606,-42.013,-37.437
61.001,-39.607,-42.014,-37.438
61.004,-39.609,-42.017,-37.439
61.006,-39.612,-42.020,-37.440
61.008,-39.613,-42.023,-37.441
61.008,-39.614,-42.023,-37.442
61.008,-39.614,-42.023,-37.443
61.009,-39.615,-42.024,-37.443
61.012,-39.618,-42.028,-37.444
61.012,-39.618,-42.028,-37.445
61.012,-39.618,-42.028,-37.446
61.015,-39.621,-42.032,-37.447
61.016,-39.622,-42.033,-37.448
61.016,-39.622,-42.033,-37.449
61.017,-39.623,-42.034,-37.450
61.017,-39.623,-42.035,-37.451
61.018,-39.624,-42.035,-37.452
61.018,-39.624,-42.035,-37.453
61.021,-39.627,-42.039,-37.454
61.024,-39.630,-42.043,-37.455
61.025,-39.631,-42.044,-37.456
61.026,-39.632,-42.045,-37.457
61.029,-39.635,-42.049,-37.458
61.030,-39.637,-42.051,-37.459
61.032,-39.638,-42.053,-37.460
61.033,-39.640,-42.054,-37.461
61.033,-39.640,-42.054,-37.462
61.036,-39.643,-42.058,-37.463
61.036,-39.643,-42.058,-37.464
61.037,-39.644,-42.060,-37.465
61.038,-39.645,-42.060,-37.466
61.040,-39.647,-42.063,-37.467
61.042,-39.649,-42.066,-37.468
61.043,-39.650,-42.067,-37.469
61.043,-39.650,-42.067,-37.470
61.045,-39.652,-42.069,-37.471
61.046,-39.654,-42.071,-37.472
61.048,-39.655,-42.073,-37.473
61.048,-39.655,-42.073,-37.474
61.050,-39.657,-42.076,-37.474
61.050,-39.657,-42.076,-37.475
61.051,-39.658,-42.077,-37.476
61.053,-39.660,-42.079,-37.477
61.053,-39.661,-42.080,-37.478
61.054,-39.662,-42.081,-37.479
61.055,-39.662,-42.082,-37.480
61.055,-39.662,-42.082,-37.481
61.056,-39.663,-42.083,-37.482
61.056,-39.664,-42.083,-37.483
61.056,-39.664,-42.083,-37.484
61.056,-39.664,-42.084,-37.485
61.057,-39.664,-42.084,-37.486
61.058,-39.666,-42.086,-37.487
61.059,-39.667,-42.088,-37.488
61.061,-39.669,-42.090,-37.489
61.063,-39.671,-42.092,-37.490
61.066,-39.674,-42.096,-37.491
61.066,-39.675,-42.097,-37.492
61.067,-39.676,-42.098,-37.493
61.070,-39.678,-42.101,-37.494
61.071,-39.679,-42.102,-37.495
61.071,-39.679,-42.102,-37.496
61.072,-39.681,-42.104,-37.497
61.073,-39.681,-42.104,-37.498
61.074,-39.682,-42.106,-37.499
61.078,-39.686,-42.111,-37.500
61.078,-39.686,-42.111,-37.501
61.079,-39.688,-42.112,-37.502
61.080,-39.689,-42.114,-37.503
61.081,-39.689,-42.115,-37.504
61.083,-39.692,-42.118,-37.505
61.083,-39.692,-42.118,-37.506
61.087,-39.696,-42.123,-37.507
61.088,-39.697,-42.124,-37.508
61.092,-39.701,-42.129,-37.509
61.092,-39.701,-42.129,-37.510
61.096,-39.705,-42.134,-37.511
61.096,-39.706,-42.135,-37.512
61.098,-39.708,-42.137,-37.513
61.099,-39.709,-42.138,-37.514
61.100,-39.710,-42.140,-37.515
61.102,-39.711,-42.141,-37.516
61.103,-39.712,-42.143,-37.517
61.104,-39.713,-42.144,-37.518
61.105,-39.715,-42.145,-37.519
61.106,-39.715,-42.146,-37.520
61.107,-39.717,-42.148,-37.521
61.109,-39.718,-42.150,-37.522
61.110,-39.719,-42.151,-37.523
61.111,-39.721,-42.153,-37.524
61.111,-39.721,-42.154,-37.525
61.113,-39.723,-42.156,-37.526
61.114,-39.724,-42.157,-37.527
61.115,-39.725,-42.157,-37.528
61.115,-39.725,-42.157,-37.529
61.116,-39.726,-42.159,-37.530
61.117,-39.728,-42.161,-37.531
61.118,-39.728,-42.161,-37.532
61.118,-39.728,-42.161,-37.533
61.118,-39.728,-42.162,-37.534
61.119,-39.729,-42.163,-37.535
61.119,-39.730,-42.164,-37.536
61.120,-39.730,-42.164,-37.537
61.121,-39.731,-42.166,-37.539
61.122,-39.732,-42.166,-37.540
61.124,-39.734,-42.169,-37.541
61.126,-39.736,-42.172,-37.542
61.128,-39.739,-42.175,-37.543
61.130,-39.741,-42.177,-37.544
61.132,-39.742,-42.179,-37.545
61.136,-39.747,-42.185,-37.546
61.138,-39.749,-42.187,-37.547
61.138,-39.749,-42.188,-37.548
61.139,-39.750,-42.188,-37.549
61.143,-39.754,-42.193,-37.550
61.144,-39.755,-42.195,-37.551
61.147,-39.758,-42.198,-37.552
61.147,-39.758,-42.199,-37.553
61.151,-39.763,-42.204,-37.554
61.154,-39.766,-42.208,-37.555
61.155,-39.766,-42.208,-37.556
61.158,-39.770,-42.213,-37.557
61.159,-39.771,-42.214,-37.558
61.159,-39.771,-42.214,-37.559
61.160,-39.772,-42.215,-37.560
61.160,-39.772,-42.215,-37.561
61.162,-39.773,-42.217,-37.562
61.164,-39.776,-42.220,-37.563
61.165,-39.777,-42.221,-37.564
61.165,-39.777,-42.221,-37.565
61.167,-39.779,-42.223,-37.566
61.168,-39.780,-42.225,-37.567
61.168,-39.780,-42.225,-37.569
61.170,-39.782,-42.227,-37.570
61.171,-39.783,-42.228,-37.571
61.172,-39.785,-42.230,-37.572
61.179,-39.791,-42.239,-37.573
61.185,-39.798,-42.247,-37.574
61.186,-39.799,-42.248,-37.575
61.187,-39.800,-42.249,-37.576
61.187,-39.800,-42.249,-37.577
61.189,-39.801,-42.251,-37.578
61.189,-39.802,-42.251,-37.579
61.189,-39.802,-42.252,-37.580
61.189,-39.802,-42.252,-37.581
61.189,-39.802,-42.252,-37.582
61.189,-39.802,-42.252,-37.583
61.190,-39.803,-42.253,-37.584
61.191,-39.803,-42.253,-37.585
61.191,-39.804,-42.254,-37.586
61.191,-39.804,-42.254,-37.587
61.191,-39.804,-42.255,-37.588
61.191,-39.804,-42.255,-37.590
61.192,-39.805,-42.256,-37.591
61.193,-39.806,-42.256,-37.592
61.193,-39.806,-42.257,-37.593
61.198,-39.811,-42.263,-37.594
61.198,-39.811,-42.263,-37.595
61.199,-39.812,-42.264,-37.596
61.201,-39.814,-42.267,-37.597
61.202,-39.816,-42.269,-37.598
61.203,-39.816,-42.269,-37.599
61.204,-39.817,-42.270,-37.600
61.204,-39.817,-42.270,-37.601
61.205,-39.818,-42.271,-37.602
61.205,-39.818,-42.272,-37.603
61.205,-39.818,-42.272,-37.604
61.206,-39.819,-42.273,-37.606
61.206,-39.820,-42.274,-37.607
61.207,-39.821,-42.275,-37.608
61.208,-39.822,-42.276,-37.609
61.209,-39.822,-42.276,-37.610
61.211,-39.825,-42.280,-37.611
61.213,-39.827,-42.282,-37.612
61.214,-39.828,-42.284,-37.613
61.215,-39.828,-42.284,-37.614
61.216,-39.830,-42.285,-37.615
61.217,-39.830,-42.287,-37.616
61.218,-39.831,-42.288,-37.617
61.219,-39.833,-42.290,-37.618
61.220,-39.834,-42.290,-37.620
61.222,-39.836,-42.293,-37.621
61.224,-39.838,-42.296,-37.622
61.229,-39.843,-42.302,-37.623
61.230,-39.844,-42.303,-37.624
61.230,-39.844,-42.303,-37.625
61.230,-39.844,-42.303,-37.626
61.233,-39.847,-42.307,-37.627
61.240,-39.854,-42.316,-37.628
61.240,-39.855,-42.316,-37.629
61.241,-39.856,-42.317,-37.630
61.241,-39.856,-42.318,-37.631
61.242,-39.856,-42.318,-37.633
61.242,-39.857,-42.319,-37.634
61.245,-39.860,-42.322,-37.635
61.247,-39.862,-42.325,-37.636
61.249,-39.864,-42.328,-37.637
61.251,-39.866,-42.330,-37.638
61.252,-39.867,-42.331,-37.639
61.252,-39.867,-42.332,-37.640
61.254,-39.869,-42.334,-37.641
61.254,-39.869,-42.334,-37.642
61.254,-39.869,-42.334,-37.644
61.255,-39.870,-42.335,-37.645
61.256,-39.871,-42.336,-37.646
61.256,-39.872,-42.337,-37.647
61.257,-39.872,-42.338,-37.648
61.265,-39.880,-42.348,-37.649
61.267,-39.883,-42.351,-37.650
61.269,-39.884,-42.353,-37.651
61.274,-39.889,-42.359,-37.652
61.274,-39.890,-42.360,-37.653
61.275,-39.891,-42.360,-37.655
61.277,-39.893,-42.363,-37.656
61.279,-39.895,-42.366,-37.657
61.281,-39.897,-42.368,-37.658
61.281,-39.897,-42.368,-37.659
61.283,-39.899,-42.371,-37.660
61.283,-39.899,-42.371,-37.661
61.284,-39.900,-42.372,-37.662
61.285,-39.901,-42.373,-37.663
61.287,-39.903,-42.375,-37.665
61.287,-39.903,-42.375,-37.666
61.288,-39.904,-42.377,-37.667
61.290,-39.907,-42.380,-37.668
61.291,-39.908,-42.381,-37.669
61.292,-39.908,-42.382,-37.670
61.292,-39.909,-42.382,-37.671
61.294,-39.910,-42.384,-37.672
61.294,-39.911,-42.385,-37.674
61.298,-39.914,-42.389,-37.675
61.305,-39.921,-42.398,-37.676
61.306,-39.922,-42.399,-37.677
61.306,-39.923,-42.400,-37.678
61.306,-39.923,-42.400,-37.679
61.307,-39.924,-42.401,-37.680
61.307,-39.924,-42.402,-37.681
61.310,-39.927,-42.405,-37.683
61.313,-39.930,-42.409,-37.684
61.316,-39.933,-42.413,-37.685
61.316,-39.933,-42.413,-37.686
61.319,-39.936,-42.416,-37.687
61.320,-39.937,-42.418,-37.688
61.320,-39.937,-42.418,-37.689
61.321,-39.938,-42.419,-37.691
61.323,-39.940,-42.422,-37.692
61.326,-39.944,-42.426,-37.693
61.327,-39.944,-42.426,-37.694
61.327,-39.944,-42.426,-37.695
61.328,-39.945,-42.427,-37.696
61.328,-39.946,-42.428,-37.697
61.330,-39.948,-42.431,-37.699
61.334,-39.951,-42.435,-37.700
61.336,-39.953,-42.438,-37.701
61.337,-39.955,-42.439,-37.702
61.338,-39.955,-42.440,-37.703
61.339,-39.957,-42.442,-37.704
61.340,-39.958,-42.443,-37.705
61.340,-39.958,-42.443,-37.707
61.341,-39.958,-42.444,-37.708
61.342,-39.960,-42.446,-37.709
61.343,-39.961,-42.446,-37.710
61.343,-39.961,-42.447,-37.711
61.344,-39.962,-42.449,-37.712
61.344,-39.962,-42.449,-37.713
61.346,-39.964,-42.450,-37.715
61.348,-39.966,-42.453,-37.716
61.348,-39.966,-42.453,-37.717
61.349,-39.967,-42.455,-37.718
61.352,-39.970,-42.458,-37.719
61.352,-39.970,-42.459,-37.720
61.355,-39.973,-42.462,-37.722
61.357,-39.975,-42.464,-37.723
61.358,-39.976,-42.465,-37.724
61.360,-39.978,-42.468,-37.725
61.360,-39.979,-42.469,-37.726
61.364,-39.982,-42.473,-37.727
61.364,-39.983,-42.474,-37.729
61.366,-39.984,-42.476,-37.730
61.367,-39.985,-42.477,-37.731
61.369,-39.987,-42.479,-37.732
61.371,-39.989,-42.482,-37.733
61.373,-39.992,-42.485,-37.734
61.374,-39.993,-42.487,-37.736
61.375,-39.994,-42.487,-37.737
61.375,-39.994,-42.487,-37.738
61.378,-39.997,-42.491,-37.739
61.381,-40.000,-42.495,-37.740
61.381,-40.000,-42.496,-37.741
61.383,-40.002,-42.498,-37.743
61.385,-40.004,-42.499,-37.744
61.389,-40.009,-42.506,-37.745
61.390,-40.009,-42.506,-37.746
61.391,-40.010,-42.507,-37.747
61.395,-40.015,-42.513,-37.749
61.397,-40.016,-42.515,-37.750
61.401,-40.021,-42.521,-37.751
61.403,-40.023,-42.523,-37.752
61.404,-40.024,-42.524,-37.753
61.405,-40.025,-42.526,-37.754
61.406,-40.026,-42.527,-37.756
61.407,-40.026,-42.528,-37.757
61.407,-40.027,-42.529,-37.758
61.412,-40.032,-42.534,-37.759
61.412,-40.032,-42.535,-37.760
61.413,-40.033,-42.536,-37.762
61.414,-40.034,-42.537,-37.763
61.414,-40.034,-42.537,-37.764
61.415,-40.035,-42.538,-37.765
61.415,-40.035,-42.538,-37.766
61.419,-40.040,-42.544,-37.768
61.420,-40.040,-42.545,-37.769
61.421,-40.042,-42.546,-37.770
61.422,-40.042,-42.547,-37.771
61.423,-40.043,-42.548,-37.772
61.423,-40.044,-42.549,-37.774
61.424,-40.044,-42.549,-37.775
61.426,-40.046,-42.552,-37.776
61.429,-40.049,-42.556,-37.777
61.432,-40.053,-42.560,-37.778
61.433,-40.053,-42.561,-37.780
61.444,-40.064,-42.575,-37.781
61.444,-40.065,-42.575,-37.782
61.445,-40.066,-42.577,-37.783
61.445,-40.066,-42.577,-37.784
61.447,-40.068,-42.579,-37.786
61.448,-40.069,-42.581,-37.787
61.448,-40.069,-42.581,-37.788
61.452,-40.073,-42.585,-37.789
61.456,-40.077,-42.591,-37.791
61.462,-40.083,-42.598,-37.792
61.466,-40.087,-42.603,-37.793
61.467,-40.088,-42.604,-37.794
61.467,-40.089,-42.605,-37.795
61.469,-40.090,-42.607,-37.797
61.469,-40.091,-42.607,-37.798
61.471,-40.092,-42.609,-37.799
61.472,-40.093,-42.610,-37.800
61.477,-40.099,-42.617,-37.802
61.478,-40.100,-42.618,-37.803
61.481,-40.103,-42.622,-37.804
61.482,-40.104,-42.623,-37.805
61.482,-40.104,-42.623,-37.806
61.484,-40.106,-42.626,-37.808
61.484,-40.106,-42.626,-37.809
61.485,-40.107,-42.627,-37.810
61.486,-40.107,-42.628,-37.811
61.486,-40.108,-42.629,-37.813
61.486,-40.108,-42.629,-37.814
61.490,-40.112,-42.634,-37.815
61.493,-40.115,-42.637,-37.816
61.494,-40.116,-42.639,-37.818
61.496,-40.118,-42.641,-37.819
61.498,-40.120,-42.644,-37.820
61.499,-40.121,-42.644,-37.821
61.499,-40.121,-42.645,-37.823
61.503,-40.125,-42.650,-37.824
61.510,-40.133,-42.659,-37.825
61.512,-40.135,-42.662,-37.826
61.513,-40.135,-42.662,-37.828
61.514,-40.136,-42.663,-37.829
61.516,-40.138,-42.666,-37.830
61.521,-40.144,-42.673,-37.831
61.523,-40.146,-42.675,-37.833
61.523,-40.146,-42.676,-37.834
61.524,-40.147,-42.677,-37.835
61.527,-40.149,-42.680,-37.836
61.529,-40.152,-42.684,-37.838
61.530,-40.153,-42.684,-37.839
61.532,-40.155,-42.687,-37.840
61.534,-40.157,-42.690,-37.841
61.538,-40.161,-42.694,-37.843
61.539,-40.162,-42.696,-37.844
61.540,-40.163,-42.697,-37.845
61.541,-40.164,-42.699,-37.846
61.542,-40.165,-42.699,-37.848
61.542,-40.166,-42.700,-37.849
61.544,-40.167,-42.702,-37.850
61.547,-40.170,-42.706,-37.852
61.547,-40.171,-42.707,-37.853
61.547,-40.171,-42.707,-37.854
61.548,-40.171,-42.708,-37.855
61.550,-40.173,-42.710,-37.857
61.550,-40.174,-42.710,-37.858
61.551,-40.174,-42.711,-37.859
61.558,-40.181,-42.720,-37.860
61.559,-40.183,-42.722,-37.862
61.559,-40.183,-42.722,-37.863
61.561,-40.184,-42.724,-37.864
61.562,-40.185,-42.725,-37.866
61.562,-40.186,-42.725,-37.867
61.565,-40.188,-42.729,-37.868
61.565,-40.188,-42.729,-37.869
61.566,-40.190,-42.731,-37.871
61.569,-40.193,-42.734,-37.872
61.569,-40.193,-42.735,-37.873
61.571,-40.194,-42.736,-37.875
61.572,-40.196,-42.738,-37.876
61.574,-40.197,-42.740,-37.877
61.576,-40.199,-42.743,-37.878
61.577,-40.201,-42.745,-37.880
61.577,-40.201,-42.745,-37.881
61.582,-40.206,-42.751,-37.882
61.583,-40.207,-42.752,-37.884
61.585,-40.208,-42.754,-37.885
61.585,-40.209,-42.755,-37.886
61.585,-40.209,-42.755,-37.888
61.587,-40.211,-42.758,-37.889
61.588,-40.212,-42.758,-37.890
61.590,-40.214,-42.761,-37.891
61.591,-40.215,-42.762,-37.893
61.592,-40.216,-42.763,-37.894
61.594,-40.219,-42.767,-37.895
61.594,-40.219,-42.767,-37.897
61.595,-40.219,-42.767,-37.898
61.601,-40.226,-42.775,-37.899
61.603,-40.227,-42.777,-37.901
61.603,-40.228,-42.778,-37.902
61.606,-40.230,-42.781,-37.903
61.606,-40.230,-42.781,-37.905
61.606,-40.230,-42.781,-37.906
61.607,-40.231,-42.783,-37.907
61.608,-40.233,-42.784,-37.909
61.609,-40.233,-42.785,-37.910
61.612,-40.237,-42.789,-37.911
61.614,-40.238,-42.791,-37.913
61.614,-40.239,-42.792,-37.914
61.615,-40.240,-42.793,-37.915
61.617,-40.241,-42.795,-37.917
61.620,-40.245,-42.800,-37.918
61.628,-40.253,-42.810,-37.919
61.629,-40.253,-42.810,-37.921
61.630,-40.255,-42.812,-37.922
61.630,-40.255,-42.812,-37.923
61.636,-40.260,-42.819,-37.925
61.636,-40.261,-42.820,-37.926
61.637,-40.262,-42.820,-37.927
61.640,-40.265,-42.824,-37.929
61.640,-40.265,-42.825,-37.930
61.641,-40.266,-42.826,-37.931
61.644,-40.269,-42.829,-37.933
61.647,-40.272,-42.833,-37.934
61.647,-40.272,-42.834,-37.935
61.651,-40.276,-42.838,-37.937
61.651,-40.277,-42.839,-37.938
61.652,-40.277,-42.840,-37.939
61.653,-40.278,-42.841,-37.941
61.657,-40.283,-42.847,-37.942
61.660,-40.285,-42.850,-37.943
61.663,-40.288,-42.854,-37.945
61.664,-40.289,-42.855,-37.946
61.664,-40.289,-42.855,-37.947
61.665,-40.291,-42.857,-37.949
61.667,-40.293,-42.860,-37.950
61.671,-40.296,-42.864,-37.952
61.672,-40.297,-42.865,-37.953
61.675,-40.301,-42.869,-37.954
61.677,-40.303,-42.872,-37.956
61.680,-40.306,-42.876,-37.957
61.681,-40.307,-42.877,-37.958
61.683,-40.309,-42.880,-37.960
61.684,-40.309,-42.880,-37.961
61.684,-40.310,-42.881,-37.962
61.690,-40.316,-42.889,-37.964
61.692,-40.318,-42.891,-37.965
61.693,-40.319,-42.893,-37.967
61.694,-40.320,-42.893,-37.968
61.696,-40.322,-42.896,-37.969
61.697,-40.323,-42.898,-37.971
61.701,-40.327,-42.902,-37.972
61.704,-40.330,-42.906,-37.973
61.705,-40.331,-42.908,-37.975
61.707,-40.333,-42.910,-37.976
61.707,-40.333,-42.910,-37.978
61.708,-40.334,-42.911,-37.979
61.711,-40.337,-42.915,-37.980
61.711,-40.337,-42.915,-37.982
61.712,-40.338,-42.916,-37.983
61.712,-40.338,-42.917,-37.985
61.713,-40.339,-42.918,-37.986
61.715,-40.341,-42.920,-37.987
61.717,-40.343,-42.922,-37.989
61.717,-40.343,-42.922,-37.990
61.720,-40.346,-42.927,-37.992
61.721,-40.348,-42.928,-37.993
61.724,-40.351,-42.932,-37.994
61.732,-40.359,-42.943,-37.996
61.737,-40.363,-42.948,-37.997
61.737,-40.364,-42.949,-37.999
61.739,-40.365,-42.950,-38.000
61.739,-40.365,-42.951,-38.001
61.739,-40.366,-42.951,-38.003
61.739,-40.366,-42.952,-38.004
61.740,-40.366,-42.952,-38.006
61.740,-40.367,-42.952,-38.007
61.743,-40.369,-42.956,-38.008
61.745,-40.372,-42.959,-38.010
61.747,-40.373,-42.961,-38.011
61.748,-40.374,-42.962,-38.013
61.750,-40.377,-42.965,-38.014
61.751,-40.377,-42.966,-38.016
61.751,-40.377,-42.966,-38.017
61.753,-40.379,-42.968,-38.018
61.754,-40.381,-42.970,-38.020
61.757,-40.384,-42.974,-38.021
61.758,-40.385,-42.975,-38.023
61.759,-40.386,-42.977,-38.024
61.760,-40.387,-42.978,-38.026
61.761,-40.388,-42.979,-38.027
61.763,-40.389,-42.981,-38.028
61.764,-40.390,-42.983,-38.030
61.765,-40.392,-42.984,-38.031
61.766,-40.393,-42.986,-38.033
61.768,-40.395,-42.989,-38.034
61.769,-40.396,-42.990,-38.036
61.770,-40.397,-42.991,-38.037
61.771,-40.397,-42.991,-38.039
61.774,-40.401,-42.995,-38.040
61.775,-40.402,-42.997,-38.041
61.775,-40.402,-42.997,-38.043
61.777,-40.404,-42.999,-38.044
61.777,-40.404,-43.000,-38.046
61.778,-40.405,-43.000,-38.047
61.782,-40.409,-43.006,-38.049
61.784,-40.411,-43.008,-38.050
61.785,-40.412,-43.009,-38.052
61.785,-40.412,-43.009,-38.053
61.788,-40.415,-43.014,-38.055
61.789,-40.416,-43.015,-38.056
61.791,-40.418,-43.017,-38.057
61.791,-40.418,-43.018,-38.059
61.796,-40.423,-43.024,-38.060
61.797,-40.424,-43.025,-38.062
61.799,-40.426,-43.027,-38.063
61.799,-40.426,-43.028,-38.065
61.801,-40.428,-43.030,-38.066
61.802,-40.429,-43.031,-38.068
61.802,-40.429,-43.031,-38.069
61.802,-40.429,-43.032,-38.071
61.805,-40.432,-43.035,-38.072
61.807,-40.434,-43.037,-38.074
61.807,-40.434,-43.038,-38.075
61.808,-40.436,-43.040,-38.077
61.815,-40.443,-43.048,-38.078
61.816,-40.444,-43.050,-38.080
61.817,-40.444,-43.051,-38.081
61.818,-40.445,-43.052,-38.083
61.823,-40.451,-43.059,-38.084
61.824,-40.452,-43.060,-38.086
61.825,-40.453,-43.061,-38.087
61.834,-40.461,-43.072,-38.089
61.835,-40.462,-43.073,-38.090
61.835,-40.463,-43.074,-38.092
61.836,-40.463,-43.075,-38.093
61.837,-40.465,-43.076,-38.095
61.841,-40.469,-43.082,-38.096
61.842,-40.470,-43.083,-38.098
61.842,-40.470,-43.083,-38.099
61.845,-40.472,-43.086,-38.101
61.845,-40.473,-43.087,-38.102
61.847,-40.475,-43.089,-38.104
61.855,-40.482,-43.099,-38.105
61.855,-40.483,-43.100,-38.107
61.856,-40.484,-43.100,-38.108
61.857,-40.485,-43.102,-38.110
61.865,-40.493,-43.112,-38.111
61.865,-40.493,-43.113,-38.113
61.872,-40.500,-43.121,-38.114
61.874,-40.502,-43.124,-38.116
61.875,-40.502,-43.124,-38.117
61.876,-40.504,-43.126,-38.119
61.876,-40.504,-43.126,-38.120
61.883,-40.511,-43.135,-38.122
61.883,-40.511,-43.135,-38.123
61.891,-40.519,-43.146,-38.125
61.892,-40.519,-43.146,-38.127
61.892,-40.520,-43.147,-38.128
61.893,-40.521,-43.148,-38.130
61.893,-40.521,-43.148,-38.131
61.897,-40.525,-43.153,-38.133
61.901,-40.529,-43.158,-38.134
61.902,-40.530,-43.159,-38.136
61.903,-40.531,-43.161,-38.137
61.903,-40.531,-43.161,-38.139
61.909,-40.536,-43.168,-38.140
61.911,-40.539,-43.170,-38.142
61.913,-40.541,-43.173,-38.144
61.913,-40.541,-43.174,-38.145
61.916,-40.544,-43.177,-38.147
61.918,-40.546,-43.180,-38.148
61.920,-40.548,-43.182,-38.150
61.921,-40.549,-43.183,-38.151
61.923,-40.551,-43.186,-38.153
61.924,-40.552,-43.188,-38.155
61.926,-40.554,-43.190,-38.156
61.927,-40.555,-43.191,-38.158
61.933,-40.561,-43.200,-38.159
61.933,-40.561,-43.200,-38.161
61.934,-40.562,-43.200,-38.162
61.937,-40.566,-43.205,-38.164
61.941,-40.569,-43.209,-38.166
61.942,-40.570,-43.211,-38.167
61.943,-40.571,-43.211,-38.169
61.945,-40.574,-43.215,-38.170
61.950,-40.578,-43.220,-38.172
61.950,-40.578,-43.220,-38.173
61.953,-40.581,-43.225,-38.175
61.955,-40.583,-43.227,-38.177
61.956,-40.584,-43.228,-38.178
61.958,-40.586,-43.231,-38.180
61.958,-40.586,-43.231,-38.181
61.972,-40.600,-43.249,-38.183
61.973,-40.601,-43.250,-38.185
61.974,-40.602,-43.252,-38.186
61.975,-40.603,-43.253,-38.188
61.975,-40.603,-43.253,-38.189
61.976,-40.605,-43.255,-38.191
61.977,-40.605,-43.256,-38.193
61.978,-40.606,-43.256,-38.194
61.981,-40.609,-43.260,-38.196
61.981,-40.609,-43.260,-38.197
61.983,-40.612,-43.264,-38.199
61.985,-40.613,-43.266,-38.201
61.988,-40.616,-43.270,-38.202
61.991,-40.619,-43.273,-38.204
61.991,-40.619,-43.273,-38.206
61.995,-40.623,-43.278,-38.207
61.995,-40.623,-43.278,-38.209
61.996,-40.624,-43.280,-38.210
61.996,-40.624,-43.280,-38.212
62.000,-40.628,-43.285,-38.214
62.006,-40.634,-43.293,-38.215
62.007,-40.635,-43.294,-38.217
62.012,-40.640,-43.300,-38.219
62.017,-40.645,-43.306,-38.220
62.019,-40.648,-43.310,-38.222
62.020,-40.648,-43.310,-38.224
62.020,-40.648,-43.310,-38.225
62.023,-40.651,-43.314,-38.227
62.023,-40.651,-43.314,-38.229
62.023,-40.651,-43.314,-38.230
62.028,-40.656,-43.320,-38.232
62.029,-40.657,-43.322,-38.233
62.029,-40.657,-43.322,-38.235
62.030,-40.658,-43.323,-38.237
62.033,-40.661,-43.327,-38.238
62.034,-40.662,-43.329,-38.240
62.040,-40.668,-43.337,-38.242
62.056,-40.684,-43.356,-38.243
62.056,-40.684,-43.357,-38.245
62.056,-40.684,-43.357,-38.247
62.058,-40.687,-43.360,-38.248
62.060,-40.688,-43.362,-38.250
62.063,-40.691,-43.365,-38.252
62.064,-40.692,-43.367,-38.253
62.066,-40.694,-43.370,-38.255
62.076,-40.704,-43.383,-38.257
62.078,-40.706,-43.385,-38.259
62.078,-40.706,-43.385,-38.260
62.079,-40.707,-43.386,-38.262
62.080,-40.708,-43.388,-38.264
62.085,-40.713,-43.394,-38.265
62.085,-40.713,-43.394,-38.267
62.086,-40.714,-43.395,-38.269
62.087,-40.715,-43.397,-38.270
62.087,-40.715,-43.397,-38.272
62.088,-40.716,-43.398,-38.274
62.088,-40.716,-43.398,-38.275
62.089,-40.717,-43.399,-38.277
62.089,-40.717,-43.399,-38.279
62.091,-40.719,-43.402,-38.281
62.093,-40.721,-43.404,-38.282
62.096,-40.724,-43.408,-38.284
62.098,-40.726,-43.411,-38.286
62.099,-40.727,-43.412,-38.287
62.100,-40.728,-43.413,-38.289
62.100,-40.728,-43.414,-38.291
62.101,-40.729,-43.414,-38.293
62.102,-40.730,-43.416,-38.294
62.105,-40.733,-43.420,-38.296
62.111,-40.739,-43.427,-38.298
62.112,-40.740,-43.429,-38.300
62.113,-40.741,-43.430,-38.301
62.116,-40.744,-43.433,-38.303
62.120,-40.748,-43.439,-38.305
62.121,-40.749,-43.440,-38.307
62.121,-40.749,-43.440,-38.308
62.125,-40.752,-43.445,-38.310
62.126,-40.753,-43.446,-38.312
62.126,-40.754,-43.446,-38.313
62.127,-40.754,-43.448,-38.315
62.130,-40.757,-43.451,-38.317
62.131,-40.759,-43.453,-38.319
62.144,-40.771,-43.469,-38.321
62.144,-40.772,-43.470,-38.322
62.144,-40.772,-43.470,-38.324
62.147,-40.774,-43.473,-38.326
62.149,-40.777,-43.477,-38.328
62.151,-40.778,-43.478,-38.329
62.154,-40.781,-43.482,-38.331
62.154,-40.782,-43.483,-38.333
62.156,-40.783,-43.485,-38.335
62.157,-40.785,-43.486,-38.336
62.158,-40.785,-43.487,-38.338
62.161,-40.788,-43.491,-38.340
62.162,-40.790,-43.493,-38.342
62.168,-40.795,-43.500,-38.344
62.180,-40.807,-43.516,-38.345
62.184,-40.811,-43.521,-38.347
62.188,-40.815,-43.526,-38.349
62.188,-40.816,-43.527,-38.351
62.189,-40.817,-43.528,-38.353
62.197,-40.825,-43.538,-38.354
62.201,-40.828,-43.543,-38.356
62.204,-40.832,-43.547,-38.358
62.205,-40.832,-43.548,-38.360
62.207,-40.834,-43.550,-38.362
62.207,-40.834,-43.551,-38.363
62.211,-40.838,-43.556,-38.365
62.215,-40.842,-43.561,-38.367
62.220,-40.847,-43.567,-38.369
62.223,-40.850,-43.571,-38.371
62.234,-40.861,-43.585,-38.372
62.237,-40.864,-43.589,-38.374
62.237,-40.864,-43.589,-38.376
62.244,-40.871,-43.599,-38.378
62.246,-40.872,-43.600,-38.380
62.246,-40.873,-43.601,-38.382
62.247,-40.874,-43.602,-38.383
62.249,-40.875,-43.604,-38.385
62.249,-40.875,-43.605,-38.387
62.249,-40.876,-43.605,-38.389
62.249,-40.876,-43.605,-38.391
62.251,-40.877,-43.607,-38.393
62.251,-40.878,-43.607,-38.395
62.254,-40.880,-43.611,-38.396
62.260,-40.887,-43.619,-38.398
62.260,-40.887,-43.619,-38.400
62.273,-40.900,-43.636,-38.402
62.275,-40.901,-43.638,-38.404
62.275,-40.902,-43.639,-38.406
62.275,-40.902,-43.639,-38.408
62.278,-40.904,-43.642,-38.409
62.278,-40.905,-43.643,-38.411
62.282,-40.908,-43.647,-38.413
62.287,-40.913,-43.654,-38.415
62.288,-40.914,-43.655,-38.417
62.290,-40.916,-43.657,-38.419
62.291,-40.917,-43.659,-38.421
62.293,-40.919,-43.661,-38.423
62.293,-40.919,-43.662,-38.424
62.294,-40.920,-43.663,-38.426
62.295,-40.921,-43.664,-38.428
62.297,-40.923,-43.667,-38.430
62.300,-40.926,-43.671,-38.432
62.308,-40.934,-43.680,-38.434
62.311,-40.937,-43.684,-38.436
62.316,-40.942,-43.691,-38.438
62.319,-40.945,-43.695,-38.440
62.320,-40.946,-43.697,-38.442
62.323,-40.949,-43.700,-38.443
62.323,-40.949,-43.700,-38.445
62.324,-40.949,-43.701,-38.447
62.328,-40.954,-43.707,-38.449
62.329,-40.954,-43.708,-38.451
62.329,-40.954,-43.708,-38.453
62.332,-40.958,-43.712,-38.455
62.333,-40.958,-43.712,-38.457
62.337,-40.963,-43.719,-38.459
62.343,-40.969,-43.726,-38.461
62.349,-40.974,-43.733,-38.463
62.350,-40.975,-43.734,-38.465
62.353,-40.978,-43.738,-38.467
62.359,-40.984,-43.747,-38.469
62.360,-40.985,-43.748,-38.471
62.363,-40.988,-43.752,-38.473
62.365,-40.990,-43.754,-38.474
62.366,-40.991,-43.755,-38.476
62.366,-40.991,-43.756,-38.478
62.370,-40.995,-43.761,-38.480
62.370,-40.995,-43.761,-38.482
62.370,-40.995,-43.761,-38.484
62.371,-40.996,-43.763,-38.486
62.372,-40.997,-43.764,-38.488
62.374,-40.999,-43.767,-38.490
62.375,-41.000,-43.768,-38.492
62.380,-41.005,-43.774,-38.494
62.380,-41.005,-43.774,-38.496
62.382,-41.007,-43.777,-38.498
62.382,-41.007,-43.777,-38.500
62.384,-41.009,-43.779,-38.502
62.386,-41.010,-43.781,-38.504
62.397,-41.021,-43.796,-38.506
62.400,-41.025,-43.800,-38.508
62.403,-41.027,-43.803,-38.510
62.403,-41.027,-43.803,-38.512
62.403,-41.027,-43.803,-38.514
62.404,-41.028,-43.804,-38.516
62.406,-41.030,-43.807,-38.518
62.414,-41.038,-43.817,-38.520
62.416,-41.040,-43.820,-38.522
62.416,-41.040,-43.821,-38.524
62.419,-41.043,-43.824,-38.526
62.425,-41.049,-43.832,-38.528
62.425,-41.049,-43.832,-38.530
62.426,-41.050,-43.833,-38.532
62.426,-41.050,-43.834,-38.534
62.429,-41.053,-43.837,-38.536
62.434,-41.058,-43.844,-38.539
62.434,-41.058,-43.844,-38.541
62.434,-41.058,-43.844,-38.543
62.436,-41.060,-43.846,-38.545
62.443,-41.066,-43.855,-38.547
62.444,-41.067,-43.856,-38.549
62.446,-41.070,-43.859,-38.551
62.451,-41.074,-43.865,-38.553
62.456,-41.079,-43.872,-38.555
62.457,-41.080,-43.873,-38.557
62.459,-41.082,-43.876,-38.559
62.460,-41.083,-43.877,-38.561
62.463,-41.086,-43.881,-38.563
62.468,-41.091,-43.887,-38.565
62.471,-41.094,-43.891,-38.567
62.471,-41.094,-43.892,-38.570
62.472,-41.095,-43.893,-38.572
62.473,-41.095,-43.893,-38.574
62.478,-41.101,-43.900,-38.576
62.481,-41.104,-43.904,-38.578
62.482,-41.104,-43.905,-38.580
62.483,-41.105,-43.906,-38.582
62.484,-41.107,-43.909,-38.584
62.485,-41.107,-43.909,-38.586
62.486,-41.109,-43.911,-38.588
62.486,-41.109,-43.911,-38.591
62.487,-41.109,-43.912,-38.593
62.493,-41.115,-43.919,-38.595
62.495,-41.117,-43.922,-38.597
62.497,-41.119,-43.925,-38.599
62.498,-41.120,-43.926,-38.601
62.499,-41.121,-43.927,-38.603
62.501,-41.123,-43.929,-38.606
62.502,-41.124,-43.931,-38.608
62.506,-41.128,-43.937,-38.610
62.510,-41.132,-43.942,-38.612
62.511,-41.133,-43.943,-38.614
62.512,-41.134,-43.944,-38.616
62.512,-41.134,-43.945,-38.618
62.516,-41.138,-43.949,-38.621
62.524,-41.145,-43.959,-38.623
62.528,-41.150,-43.965,-38.625
62.532,-41.153,-43.970,-38.627
62.535,-41.156,-43.974,-38.629
62.538,-41.159,-43.978,-38.631
62.542,-41.163,-43.983,-38.634
62.551,-41.172,-43.995,-38.636
62.555,-41.176,-44.000,-38.638
62.558,-41.178,-44.004,-38.640
62.559,-41.180,-44.005,-38.642
62.565,-41.186,-44.013,-38.645
62.571,-41.191,-44.020,-38.647
62.573,-41.193,-44.022,-38.649
62.574,-41.194,-44.024,-38.651
62.577,-41.197,-44.028,-38.653
62.577,-41.197,-44.028,-38.656
62.577,-41.197,-44.029,-38.658
62.581,-41.201,-44.033,-38.660
62.584,-41.204,-44.038,-38.662
62.585,-41.205,-44.039,-38.665
62.588,-41.207,-44.042,-38.667
62.592,-41.211,-44.047,-38.669
62.596,-41.216,-44.053,-38.671
62.597,-41.217,-44.054,-38.674
62.601,-41.220,-44.059,-38.676
62.602,-41.221,-44.061,-38.678
62.621,-41.240,-44.085,-38.680
62.630,-41.249,-44.097,-38.683
62.632,-41.251,-44.100,-38.685
62.637,-41.255,-44.106,-38.687
62.639,-41.257,-44.108,-38.689
62.645,-41.263,-44.117,-38.692
62.649,-41.267,-44.121,-38.694
62.651,-41.269,-44.124,-38.696
62.652,-41.270,-44.126,-38.699
62.654,-41.271,-44.127,-38.701
62.661,-41.278,-44.136,-38.703
62.662,-41.279,-44.138,-38.705
62.665,-41.282,-44.142,-38.708
62.667,-41.284,-44.145,-38.710
62.671,-41.288,-44.150,-38.712
62.676,-41.292,-44.156,-38.715
62.678,-41.295,-44.159,-38.717
62.678,-41.295,-44.160,-38.719
62.681,-41.298,-44.163,-38.722
62.682,-41.298,-44.164,-38.724
62.689,-41.305,-44.173,-38.726
62.692,-41.308,-44.176,-38.729
62.703,-41.319,-44.191,-38.731
62.703,-41.319,-44.191,-38.733
62.704,-41.320,-44.192,-38.736
62.705,-41.320,-44.193,-38.738
62.708,-41.324,-44.198,-38.740
62.708,-41.324,-44.198,-38.743
62.713,-41.328,-44.204,-38.745
62.718,-41.333,-44.210,-38.747
62.718,-41.333,-44.211,-38.750
62.720,-41.335,-44.213,-38.752
62.720,-41.335,-44.213,-38.754
62.721,-41.336,-44.214,-38.757
62.721,-41.336,-44.215,-38.759
62.723,-41.338,-44.217,-38.762
62.724,-41.339,-44.219,-38.764
62.728,-41.342,-44.223,-38.766
62.730,-41.345,-44.227,-38.769
62.732,-41.346,-44.228,-38.771
62.736,-41.350,-44.234,-38.774
62.739,-41.354,-44.238,-38.776
62.741,-41.355,-44.240,-38.778
62.745,-41.359,-44.245,-38.781
62.747,-41.361,-44.249,-38.783
62.754,-41.368,-44.258,-38.786
62.757,-41.371,-44.262,-38.788
62.757,-41.371,-44.262,-38.791
62.761,-41.374,-44.266,-38.793
62.762,-41.375,-44.267,-38.795
62.767,-41.380,-44.274,-38.798
62.767,-41.380,-44.274,-38.800
62.767,-41.381,-44.275,-38.803
62.768,-41.382,-44.276,-38.805
62.768,-41.382,-44.276,-38.808
62.771,-41.384,-44.280,-38.810
62.771,-41.384,-44.280,-38.813
62.773,-41.386,-44.282,-38.815
62.775,-41.388,-44.284,-38.818
62.780,-41.393,-44.291,-38.820
62.780,-41.393,-44.291,-38.823
62.781,-41.394,-44.293,-38.825
62.783,-41.395,-44.295,-38.828
62.785,-41.398,-44.298,-38.830
62.786,-41.398,-44.299,-38.833
62.786,-41.399,-44.300,-38.835
62.788,-41.401,-44.302,-38.838
62.796,-41.408,-44.312,-38.840
62.801,-41.413,-44.318,-38.843
62.806,-41.418,-44.325,-38.845
62.810,-41.422,-44.330,-38.848
62.811,-41.422,-44.331,-38.850
62.815,-41.426,-44.336,-38.853
62.816,-41.427,-44.338,-38.855
62.824,-41.435,-44.349,-38.858
62.827,-41.437,-44.352,-38.860
62.827,-41.438,-44.353,-38.863
62.837,-41.447,-44.365,-38.866
62.844,-41.454,-44.375,-38.868
62.845,-41.455,-44.375,-38.871
62.849,-41.459,-44.381,-38.873
62.856,-41.466,-44.390,-38.876
62.865,-41.474,-44.401,-38.878
62.879,-41.488,-44.420,-38.881
62.879,-41.488,-44.420,-38.884
62.884,-41.492,-44.426,-38.886
62.890,-41.498,-44.434,-38.889
62.892,-41.500,-44.437,-38.891
62.893,-41.501,-44.438,-38.894
62.897,-41.505,-44.444,-38.897
62.899,-41.507,-44.446,-38.899
62.899,-41.507,-44.446,-38.902
62.901,-41.509,-44.449,-38.905
62.909,-41.516,-44.458,-38.907
62.925,-41.532,-44.480,-38.910
62.930,-41.536,-44.487,-38.913
62.931,-41.537,-44.488,-38.915
62.932,-41.538,-44.488,-38.918
62.932,-41.538,-44.489,-38.921
62.935,-41.541,-44.493,-38.923
62.938,-41.543,-44.496,-38.926
62.939,-41.545,-44.498,-38.929
62.941,-41.547,-44.501,-38.931
62.942,-41.547,-44.501,-38.934
62.944,-41.549,-44.504,-38.937
62.947,-41.553,-44.509,-38.939
62.947,-41.553,-44.509,-38.942
62.954,-41.559,-44.517,-38.945
62.957,-41.562,-44.522,-38.947
62.961,-41.565,-44.526,-38.950
62.966,-41.571,-44.534,-38.953
62.974,-41.577,-44.543,-38.956
62.974,-41.578,-44.543,-38.958
62.975,-41.578,-44.544,-38.961
62.977,-41.580,-44.547,-38.964
62.979,-41.583,-44.551,-38.967
62.980,-41.584,-44.551,-38.969
62.984,-41.587,-44.556,-38.972
62.988,-41.592,-44.562,-38.975
62.989,-41.592,-44.563,-38.978
62.990,-41.593,-44.564,-38.980
62.993,-41.596,-44.569,-38.983
62.995,-41.597,-44.570,-38.986
62.997,-41.599,-44.573,-38.989
63.002,-41.604,-44.580,-38.992
63.003,-41.606,-44.582,-38.994
63.005,-41.607,-44.584,-38.997
63.016,-41.618,-44.599,-39.000
63.018,-41.619,-44.601,-39.003
63.019,-41.621,-44.602,-39.006
63.021,-41.622,-44.605,-39.008
63.022,-41.624,-44.606,-39.011
63.027,-41.628,-44.612,-39.014
63.027,-41.628,-44.612,-39.017
63.028,-41.629,-44.613,-39.020
63.031,-41.632,-44.618,-39.023
63.048,-41.648,-44.640,-39.026
63.055,-41.654,-44.648,-39.028
63.055,-41.655,-44.649,-39.031
63.057,-41.656,-44.651,-39.034
63.058,-41.657,-44.653,-39.037
63.058,-41.658,-44.653,-39.040
63.062,-41.661,-44.658,-39.043
63.067,-41.666,-44.664,-39.046
63.067,-41.666,-44.665,-39.049
63.067,-41.666,-44.665,-39.052
63.070,-41.668,-44.668,-39.055
63.078,-41.676,-44.679,-39.057
63.080,-41.678,-44.682,-39.060
63.081,-41.679,-44.682,-39.063
63.083,-41.680,-44.685,-39.066
63.083,-41.681,-44.686,-39.069
63.084,-41.682,-44.687,-39.072
63.092,-41.690,-44.698,-39.075
63.102,-41.699,-44.711,-39.078
63.106,-41.702,-44.715,-39.081
63.107,-41.703,-44.717,-39.084
63.110,-41.706,-44.721,-39.087
63.110,-41.706,-44.721,-39.090
63.111,-41.707,-44.722,-39.093
63.113,-41.709,-44.724,-39.096
63.120,-41.715,-44.733,-39.099
63.122,-41.718,-44.737,-39.102
63.123,-41.719,-44.738,-39.105
63.126,-41.721,-44.742,-39.108
63.126,-41.722,-44.742,-39.111
63.128,-41.724,-44.745,-39.114
63.130,-41.725,-44.747,-39.117
63.131,-41.726,-44.748,-39.120
63.133,-41.728,-44.750,-39.123
63.138,-41.732,-44.757,-39.127
63.140,-41.734,-44.759,-39.130
63.142,-41.736,-44.762,-39.133
63.142,-41.736,-44.763,-39.136
63.146,-41.740,-44.767,-39.139
63.146,-41.740,-44.767,-39.142
63.146,-41.740,-44.768,-39.145
63.152,-41.746,-44.776,-39.148
63.154,-41.748,-44.778,-39.151
63.161,-41.754,-44.787,-39.155
63.164,-41.757,-44.792,-39.158
63.167,-41.760,-44.795,-39.161
63.168,-41.760,-44.796,-39.164
63.177,-41.769,-44.808,-39.167
63.179,-41.771,-44.811,-39.170
63.181,-41.773,-44.813,-39.173
63.187,-41.778,-44.821,-39.177
63.198,-41.789,-44.835,-39.180
63.198,-41.789,-44.836,-39.183
63.205,-41.795,-44.844,-39.186
63.206,-41.796,-44.845,-39.189
63.211,-41.801,-44.852,-39.193
63.216,-41.806,-44.859,-39.196
63.224,-41.813,-44.870,-39.199
63.224,-41.813,-44.870,-39.202
63.234,-41.822,-44.882,-39.206
63.236,-41.824,-44.885,-39.209
63.238,-41.826,-44.888,-39.212
63.240,-41.828,-44.891,-39.215
63.250,-41.838,-44.904,-39.219
63.253,-41.840,-44.907,-39.222
63.254,-41.841,-44.909,-39.225
63.255,-41.842,-44.911,-39.229
63.261,-41.848,-44.918,-39.232
63.267,-41.853,-44.926,-39.235
63.268,-41.854,-44.927,-39.238
63.291,-41.875,-44.957,-39.242
63.292,-41.877,-44.959,-39.245
63.298,-41.882,-44.967,-39.248
63.311,-41.894,-44.983,-39.252
63.318,-41.901,-44.992,-39.255
63.325,-41.907,-45.002,-39.259
63.333,-41.914,-45.012,-39.262
63.335,-41.916,-45.014,-39.265
63.338,-41.919,-45.019,-39.269
63.340,-41.921,-45.021,-39.272
63.349,-41.930,-45.033,-39.275
63.354,-41.934,-45.040,-39.279
63.364,-41.943,-45.052,-39.282
63.365,-41.944,-45.054,-39.286
63.372,-41.951,-45.063,-39.289
63.379,-41.957,-45.072,-39.293
63.379,-41.957,-45.073,-39.296
63.387,-41.964,-45.083,-39.300
63.389,-41.966,-45.086,-39.303
63.389,-41.967,-45.086,-39.307
63.399,-41.976,-45.099,-39.310
63.400,-41.977,-45.100,-39.313
63.403,-41.979,-45.104,-39.317
63.404,-41.980,-45.105,-39.321
63.404,-41.980,-45.105,-39.324
63.405,-41.981,-45.106,-39.328
63.409,-41.985,-45.112,-39.331
63.412,-41.988,-45.116,-39.335
63.416,-41.992,-45.121,-39.338
63.419,-41.994,-45.124,-39.342
63.420,-41.995,-45.126,-39.345
63.439,-42.013,-45.152,-39.349
63.444,-42.017,-45.158,-39.353
63.448,-42.020,-45.162,-39.356
63.458,-42.030,-45.176,-39.360
63.467,-42.038,-45.188,-39.363
63.484,-42.053,-45.209,-39.367
63.489,-42.058,-45.216,-39.371
63.492,-42.061,-45.221,-39.374
63.494,-42.063,-45.223,-39.378
63.504,-42.072,-45.237,-39.382
63.508,-42.075,-45.241,-39.385
63.508,-42.076,-45.241,-39.389
63.513,-42.080,-45.247,-39.393
63.517,-42.084,-45.253,-39.396
63.523,-42.090,-45.262,-39.400
63.524,-42.091,-45.263,-39.404
63.549,-42.113,-45.295,-39.408
63.553,-42.117,-45.300,-39.411
63.557,-42.121,-45.306,-39.415
63.559,-42.123,-45.309,-39.419
63.585,-42.146,-45.343,-39.423
63.586,-42.147,-45.344,-39.426
63.595,-42.156,-45.356,-39.430
63.597,-42.157,-45.359,-39.434
63.600,-42.160,-45.363,-39.438
63.613,-42.171,-45.379,-39.442
63.615,-42.173,-45.382,-39.445
63.616,-42.175,-45.384,-39.449
63.617,-42.176,-45.385,-39.453
63.620,-42.178,-45.388,-39.457
63.630,-42.187,-45.401,-39.461
63.630,-42.187,-45.402,-39.465
63.632,-42.189,-45.404,-39.469
63.633,-42.189,-45.405,-39.473
63.650,-42.205,-45.428,-39.476
63.651,-42.206,-45.429,-39.480
63.658,-42.213,-45.439,-39.484
63.662,-42.216,-45.444,-39.488
63.663,-42.217,-45.445,-39.492
63.663,-42.217,-45.446,-39.496
63.674,-42.227,-45.460,-39.500
63.676,-42.229,-45.462,-39.504
63.677,-42.230,-45.464,-39.508
63.679,-42.232,-45.466,-39.512
63.684,-42.236,-45.473,-39.516
63.686,-42.238,-45.475,-39.520
63.691,-42.242,-45.482,-39.524
63.693,-42.244,-45.484,-39.528
63.693,-42.244,-45.485,-39.532
63.701,-42.252,-45.495,-39.536
63.714,-42.263,-45.512,-39.541
63.716,-42.265,-45.515,-39.545
63.716,-42.265,-45.515,-39.549
63.720,-42.269,-45.520,-39.553
63.724,-42.272,-45.525,-39.557
63.726,-42.274,-45.527,-39.561
63.727,-42.275,-45.529,-39.565
63.727,-42.275,-45.529,-39.570
63.730,-42.278,-45.533,-39.574
63.730,-42.278,-45.533,-39.578
63.732,-42.280,-45.536,-39.582
63.737,-42.284,-45.543,-39.586
63.739,-42.286,-45.545,-39.591
63.743,-42.289,-45.550,-39.595
63.743,-42.289,-45.550,-39.599
63.743,-42.290,-45.551,-39.603
63.762,-42.306,-45.575,-39.608
63.771,-42.314,-45.587,-39.612
63.773,-42.316,-45.590,-39.616
63.787,-42.329,-45.608,-39.621
63.791,-42.332,-45.613,-39.625
63.793,-42.334,-45.616,-39.629
63.800,-42.341,-45.626,-39.634
63.803,-42.343,-45.629,-39.638
63.804,-42.344,-45.630,-39.642
63.810,-42.350,-45.639,-39.647
63.813,-42.352,-45.642,-39.651
63.815,-42.354,-45.645,-39.656
63.820,-42.358,-45.651,-39.660
63.820,-42.358,-45.651,-39.665
63.824,-42.362,-45.657,-39.669
63.827,-42.365,-45.661,-39.674
63.836,-42.373,-45.673,-39.678
63.839,-42.376,-45.677,-39.683
63.850,-42.386,-45.691,-39.687
63.851,-42.386,-45.692,-39.692
63.858,-42.393,-45.702,-39.696
63.858,-42.393,-45.702,-39.701
63.859,-42.394,-45.703,-39.705
63.866,-42.400,-45.713,-39.710
63.871,-42.404,-45.719,-39.715
63.875,-42.408,-45.724,-39.719
63.876,-42.409,-45.726,-39.724
63.882,-42.414,-45.733,-39.729
63.905,-42.435,-45.764,-39.733
63.912,-42.441,-45.773,-39.738
63.912,-42.441,-45.774,-39.743
63.922,-42.450,-45.786,-39.747
63.926,-42.453,-45.791,-39.752
63.944,-42.469,-45.815,-39.757
63.951,-42.476,-45.825,-39.762
63.953,-42.477,-45.827,-39.766
63.958,-42.482,-45.834,-39.771
63.963,-42.487,-45.841,-39.776
63.965,-42.488,-45.843,-39.781
63.979,-42.501,-45.862,-39.786
63.985,-42.506,-45.870,-39.791
63.993,-42.513,-45.880,-39.795
63.993,-42.513,-45.880,-39.800
63.993,-42.513,-45.880,-39.805
64.014,-42.531,-45.908,-39.810
64.027,-42.543,-45.925,-39.815
64.032,-42.547,-45.931,-39.820
64.040,-42.554,-45.942,-39.825
64.049,-42.563,-45.955,-39.830
64.052,-42.565,-45.958,-39.835
64.065,-42.577,-45.976,-39.840
64.067,-42.579,-45.978,-39.845
64.092,-42.600,-46.011,-39.850
64.095,-42.604,-46.016,-39.855
64.098,-42.606,-46.020,-39.860
64.124,-42.628,-46.053,-39.866
64.141,-42.643,-46.076,-39.871
64.143,-42.646,-46.079,-39.876
64.158,-42.659,-46.099,-39.881
64.164,-42.664,-46.107,-39.886
64.164,-42.664,-46.107,-39.891
64.166,-42.665,-46.109,-39.897
64.174,-42.673,-46.120,-39.902
64.184,-42.681,-46.133,-39.907
64.186,-42.683,-46.136,-39.913
64.188,-42.685,-46.138,-39.918
64.189,-42.686,-46.140,-39.923
64.193,-42.690,-46.146,-39.929
64.199,-42.694,-46.152,-39.934
64.209,-42.703,-46.166,-39.939
64.220,-42.713,-46.181,-39.945
64.225,-42.718,-46.188,-39.950
64.227,-42.719,-46.190,-39.956
64.227,-42.719,-46.191,-39.961
64.232,-42.723,-46.197,-39.967
64.234,-42.725,-46.199,-39.972
64.242,-42.732,-46.210,-39.978
64.257,-42.745,-46.230,-39.983
64.265,-42.752,-46.241,-39.989
64.279,-42.764,-46.259,-39.994
64.293,-42.776,-46.277,-40.000
64.314,-42.794,-46.305,-40.006
64.350,-42.826,-46.354,-40.011
64.352,-42.827,-46.356,-40.017
64.378,-42.850,-46.391,-40.023
64.383,-42.854,-46.398,-40.028
64.384,-42.855,-46.398,-40.034
64.393,-42.863,-46.410,-40.040
64.393,-42.863,-46.411,-40.046
64.393,-42.863,-46.411,-40.052
64.415,-42.882,-46.440,-40.057
64.431,-42.896,-46.461,-40.063
64.439,-42.902,-46.472,-40.069
64.452,-42.913,-46.489,-40.075
64.460,-42.921,-46.500,-40.081
64.481,-42.939,-46.528,-40.087
64.490,-42.946,-46.540,-40.093
64.491,-42.947,-46.541,-40.099
64.501,-42.956,-46.555,-40.105
64.512,-42.966,-46.570,-40.111
64.539,-42.988,-46.605,-40.117
64.540,-42.989,-46.607,-40.123
64.542,-42.990,-46.609,-40.130
64.546,-42.994,-46.614,-40.136
64.549,-42.997,-46.619,-40.142
64.568,-43.013,-46.644,-40.148
64.579,-43.023,-46.659,-40.155
64.597,-43.038,-46.683,-40.161
64.606,-43.045,-46.694,-40.167
64.615,-43.053,-46.706,-40.173
64.638,-43.072,-46.737,-40.180
64.648,-43.081,-46.750,-40.186
64.648,-43.081,-46.751,-40.193
64.650,-43.083,-46.753,-40.199
64.659,-43.091,-46.766,-40.206
64.669,-43.099,-46.779,-40.212
64.670,-43.100,-46.780,-40.219
64.680,-43.108,-46.793,-40.225
64.682,-43.110,-46.796,-40.232
64.698,-43.123,-46.817,-40.238
64.723,-43.144,-46.851,-40.245
64.724,-43.145,-46.853,-40.252
64.742,-43.161,-46.877,-40.259
64.767,-43.181,-46.909,-40.265
64.797,-43.207,-46.950,-40.272
64.799,-43.208,-46.952,-40.279
64.804,-43.212,-46.958,-40.286
64.805,-43.213,-46.961,-40.293
64.808,-43.215,-46.964,-40.300
64.810,-43.217,-46.967,-40.307
64.816,-43.222,-46.975,-40.313
64.826,-43.231,-46.989,-40.321
64.828,-43.232,-46.991,-40.328
64.845,-43.247,-47.014,-40.335
64.846,-43.248,-47.016,-40.342
64.860,-43.259,-47.034,-40.349
64.894,-43.288,-47.080,-40.356
64.910,-43.301,-47.101,-40.363
64.914,-43.304,-47.106,-40.371
64.931,-43.318,-47.129,-40.378
64.970,-43.350,-47.181,-40.385
64.971,-43.352,-47.183,-40.393
64.981,-43.360,-47.197,-40.400
64.985,-43.363,-47.202,-40.408
65.013,-43.386,-47.239,-40.415
65.014,-43.387,-47.241,-40.423
65.038,-43.407,-47.273,-40.430
65.040,-43.408,-47.275,-40.438
65.047,-43.415,-47.285,-40.445
65.077,-43.439,-47.325,-40.453
65.100,-43.457,-47.356,-40.461
65.110,-43.466,-47.369,-40.469
65.112,-43.468,-47.373,-40.476
65.116,-43.471,-47.378,-40.484
65.125,-43.479,-47.390,-40.492
65.130,-43.483,-47.397,-40.500
65.142,-43.493,-47.413,-40.508
65.154,-43.502,-47.428,-40.516
65.163,-43.509,-47.440,-40.524
65.178,-43.522,-47.461,-40.532
65.205,-43.544,-47.498,-40.541
65.211,-43.548,-47.505,-40.549
65.248,-43.579,-47.556,-40.557
65.249,-43.580,-47.557,-40.565
65.267,-43.594,-47.580,-40.574
65.274,-43.600,-47.590,-40.582
65.291,-43.614,-47.613,-40.591
65.304,-43.624,-47.631,-40.599
65.318,-43.635,-47.649,-40.608
65.335,-43.649,-47.672,-40.616
65.348,-43.659,-47.690,-40.625
65.367,-43.675,-47.715,-40.634
65.394,-43.696,-47.752,-40.642
65.400,-43.701,-47.760,-40.651
65.417,-43.715,-47.784,-40.660
65.420,-43.717,-47.787,-40.669
65.437,-43.731,-47.810,-40.678
65.481,-43.766,-47.870,-40.687
65.484,-43.769,-47.874,-40.696
65.515,-43.793,-47.916,-40.705
65.531,-43.806,-47.937,-40.715
65.532,-43.807,-47.938,-40.724
65.541,-43.815,-47.951,-40.733
65.547,-43.819,-47.960,-40.743
65.573,-43.839,-47.994,-40.752
65.575,-43.842,-47.998,-40.762
65.578,-43.844,-48.001,-40.771
65.609,-43.868,-48.043,-40.781
65.616,-43.874,-48.052,-40.791
65.631,-43.886,-48.073,-40.800
65.659,-43.908,-48.111,-40.810
65.679,-43.923,-48.137,-40.820
65.695,-43.936,-48.159,-40.830
65.715,-43.952,-48.187,-40.840
65.716,-43.952,-48.188,-40.850
65.745,-43.976,-48.227,-40.860
65.750,-43.980,-48.234,-40.871
65.750,-43.980,-48.234,-40.881
65.756,-43.984,-48.242,-40.891
65.759,-43.986,-48.246,-40.902
65.779,-44.002,-48.274,-40.913
65.787,-44.008,-48.284,-40.923
65.798,-44.017,-48.299,-40.934
65.800,-44.019,-48.302,-40.945
65.848,-44.056,-48.368,-40.956
65.866,-44.070,-48.392,-40.967
65.872,-44.075,-48.400,-40.978
65.878,-44.080,-48.408,-40.989
65.921,-44.113,-48.466,-41.000
65.928,-44.119,-48.477,-41.011
65.968,-44.150,-48.531,-41.023
65.984,-44.162,-48.553,-41.034
65.985,-44.163,-48.554,-41.046
66.007,-44.179,-48.583,-41.057
66.014,-44.185,-48.593,-41.069
66.018,-44.188,-48.598,-41.081
66.038,-44.203,-48.626,-41.093
66.047,-44.210,-48.638,-41.105
66.065,-44.224,-48.662,-41.117
66.071,-44.229,-48.671,-41.130
66.074,-44.231,-48.675,-41.142
66.077,-44.233,-48.679,-41.155
66.093,-44.245,-48.701,-41.167
66.107,-44.257,-48.721,-41.180
66.119,-44.266,-48.737,-41.193
66.131,-44.275,-48.753,-41.206
66.135,-44.278,-48.758,-41.219
66.135,-44.278,-48.758,-41.232
66.143,-44.284,-48.769,-41.245
66.146,-44.286,-48.773,-41.259
66.147,-44.287,-48.774,-41.272
66.200,-44.327,-48.846,-41.286
66.206,-44.332,-48.855,-41.300
66.215,-44.339,-48.867,-41.313
66.282,-44.390,-48.959,-41.328
66.286,-44.393,-48.964,-41.342
66.311,-44.412,-48.999,-41.356
66.329,-44.425,-49.023,-41.371
66.373,-44.459,-49.084,-41.385
66.390,-44.472,-49.107,-41.400
66.405,-44.483,-49.128,-41.415
66.441,-44.510,-49.177,-41.430
66.468,-44.530,-49.214,-41.445
66.515,-44.566,-49.279,-41.461
66.553,-44.593,-49.330,-41.476
66.565,-44.603,-49.347,-41.492
66.571,-44.607,-49.356,-41.508
66.587,-44.619,-49.377,-41.524
66.668,-44.679,-49.488,-41.541
66.686,-44.693,-49.514,-41.557
66.696,-44.700,-49.527,-41.574
66.752,-44.741,-49.604,-41.591
66.766,-44.752,-49.623,-41.608
66.789,-44.769,-49.655,-41.625
66.795,-44.773,-49.664,-41.642
66.841,-44.807,-49.727,-41.660
66.901,-44.851,-49.809,-41.678
66.926,-44.869,-49.844,-41.696
66.934,-44.875,-49.855,-41.715
66.947,-44.884,-49.873,-41.733
66.964,-44.897,-49.897,-41.752
66.983,-44.911,-49.923,-41.771
66.990,-44.916,-49.933,-41.791
67.039,-44.951,-50.000,-41.810
67.051,-44.960,-50.017,-41.830
67.115,-45.007,-50.106,-41.850
67.132,-45.019,-50.129,-41.871
67.190,-45.061,-50.209,-41.891
67.319,-45.153,-50.388,-41.913
67.333,-45.164,-50.408,-41.934
67.409,-45.218,-50.514,-41.956
67.443,-45.242,-50.560,-41.978
67.506,-45.287,-50.648,-42.000
67.514,-45.292,-50.659,-42.023
67.532,-45.305,-50.684,-42.046
67.633,-45.377,-50.826,-42.069
67.634,-45.378,-50.827,-42.093
67.648,-45.387,-50.846,-42.117
67.655,-45.392,-50.856,-42.142
67.669,-45.402,-50.875,-42.167
67.695,-45.420,-50.912,-42.193
67.715,-45.434,-50.940,-42.219
67.726,-45.442,-50.956,-42.245
67.749,-45.458,-50.987,-42.272
67.751,-45.459,-50.990,-42.300
67.759,-45.465,-51.001,-42.328
67.805,-45.498,-51.066,-42.356
67.809,-45.500,-51.071,-42.385
67.860,-45.536,-51.142,-42.415
67.883,-45.552,-51.175,-42.445
67.937,-45.590,-51.250,-42.476
67.940,-45.592,-51.254,-42.508
67.969,-45.612,-51.295,-42.541
67.978,-45.618,-51.308,-42.574
67.982,-45.621,-51.313,-42.608
68.059,-45.674,-51.421,-42.642
68.076,-45.686,-51.446,-42.678
68.235,-45.796,-51.669,-42.715
68.299,-45.840,-51.758,-42.752
68.309,-45.847,-51.773,-42.791
68.350,-45.875,-51.831,-42.830
68.378,-45.894,-51.871,-42.871
68.428,-45.928,-51.941,-42.913
68.436,-45.933,-51.951,-42.956
68.520,-45.991,-52.071,-43.000
68.549,-46.011,-52.112,-43.046
68.549,-46.011,-52.112,-43.093
68.605,-46.048,-52.190,-43.142
68.726,-46.131,-52.362,-43.193
68.733,-46.135,-52.371,-43.245
68.748,-46.146,-52.393,-43.300
68.843,-46.209,-52.528,-43.356
68.962,-46.290,-52.697,-43.415
69.133,-46.404,-52.940,-43.476
69.188,-46.441,-53.018,-43.541
69.252,-46.483,-53.110,-43.608
69.254,-46.485,-53.113,-43.678
69.270,-46.496,-53.136,-43.752
69.297,-46.514,-53.175,-43.830
69.356,-46.552,-53.258,-43.913
69.382,-46.570,-53.295,-44.000
69.426,-46.599,-53.358,-44.093
69.461,-46.623,-53.410,-44.193
69.486,-46.639,-53.445,-44.300
69.623,-46.729,-53.641,-44.415
69.665,-46.757,-53.701,-44.541
69.724,-46.796,-53.787,-44.678
69.852,-46.880,-53.970,-44.830
70.119,-47.055,-54.355,-45.000
70.153,-47.077,-54.404,-45.193
70.412,-47.246,-54.779,-45.415
71.097,-47.689,-55.778,-45.678
72.028,-48.285,-57.150,-46.000
72.580,-48.637,-57.972,-46.415
72.918,-48.852,-58.478,-47.000
73.611,-49.292,-59.524,-48.000
